,0,1
0,0,0.22455215444686322
1,25,0.08871842209618211
2,35,0.4112198741902416
3,41,0.5164452737423549
4,49,0.7660721719542636
5,50,0.2957154586724981
6,53,0.5537916520634545
7,55,0.7811986316584477
8,56,0.2551489692188968
9,69,0.3121516825368618
10,72,0.29721115668958753
11,117,0.2697867355115567
12,158,0.09801017864459155
13,160,0.6080464933368217
14,163,0.5070004919842762
15,199,0.436057675695154
16,208,0.10021999430680403
17,234,0.4355443007981992
18,238,1.0
19,246,0.6447807708192443
20,249,0.5892786918154549
21,258,0.30855476739345417
22,268,0.004806307929503096
23,295,0.3259716689455905
24,306,0.24000770062345433
25,311,0.5985720937962263
26,330,0.379813506696087
27,332,0.0334269584347331
28,347,0.3554857892234053
29,352,0.0507418431804233
30,365,0.29687877935245655
31,370,0.011184003764749244
32,388,0.033298614710494404
33,397,0.3297133821368572
34,431,0.2388855157525467
35,440,0.8023243377546101
36,465,0.1792863101672911
37,479,0.3024765402480983
38,517,0.13462269413222366
39,525,0.25162445309941867
40,532,0.020561322795984487
41,533,0.1882802434581723
42,550,0.392315501782826
43,553,0.1622182402759061
44,563,0.24481894485004352
45,568,0.07549243677014791
46,584,0.07827486289434843
47,590,0.3367640598081755
48,591,0.47829921529330655
49,601,0.08832845462637991
50,609,0.10250220899294603
51,612,0.40579652912497555
52,656,0.43868707660968537
53,679,0.2688554207946451
54,684,0.06263996459029557
55,711,0.6992561000291242
56,751,0.4498710803744346
57,757,0.786248463577532
58,791,0.2993469278955085
59,819,0.3360400695688803
60,851,0.4787862632724688
61,891,0.5985753846609504
62,894,0.6832131344992867
63,926,0.21371698234286532
64,959,0.7201843542418424
65,972,0.15285902100065324
66,983,0.3216458272658015
67,991,0.15186188898926026
68,997,0.16164892067864212
69,1018,0.1893645833847531
70,1057,0.3196499178106535
71,1072,0.09565062863743391
72,1075,0.3567840353570506
73,1082,0.33425477545607274
74,1101,0.783258712975715
75,1103,0.0945514798195948
76,1109,0.20183696068897544
77,1168,0.17003568942793254
78,1182,0.2260248164108842
79,1187,0.18148460780296935
80,1221,0.11757601486154509
81,1222,0.19571101600512059
82,1233,0.14829459162836922
83,1234,0.21327436103747802
84,1236,0.1553304604084292
85,1277,0.2494442552197228
86,1281,0.5407548914590542
87,1327,0.40133740742386176
88,1331,0.24040918611979076
89,1335,0.38321132452368845
90,1359,0.2518383593064832
91,1369,0.07964221718719919
92,1385,0.36069522808160687
93,1430,0.3909004299514762
94,1433,0.17125330937583813
95,1434,0.500764303332165
96,1441,0.27241778185845006
97,1447,0.26735478648046956
98,1448,0.2289092593415309
99,1480,0.46784413806493863
100,1494,0.1958640412147898
101,1533,0.11534316314626412
102,1535,0.32795112407711813
103,1,0.0032349200237600435
104,826,0.8697442833566162
105,2,0.04027524792552115
106,3,0.7030948937297509
107,96,0.16071266966464443
108,119,0.5761728230518492
109,186,0.4814716088873093
110,252,0.6809161109218864
111,375,0.40748474272842305
112,530,0.9610805883407953
113,561,0.4761190174136107
114,596,0.12052462965431111
115,608,0.9492614476843008
116,667,0.14006249352111008
117,736,0.2384807393914862
118,933,0.36206751867154374
119,981,0.08036949829121849
120,1248,0.6534851080144074
121,7,0.05815451597138922
122,11,0.31455895008251844
123,17,0.4644331567784409
124,22,0.6920244247979821
125,23,0.24602340133905284
126,33,0.04049409042967175
127,38,0.2747427777860049
128,42,0.25026368053601605
129,43,0.06669595536271088
130,51,0.29004365332056475
131,66,0.08046164250349243
132,75,0.05951035223770574
133,78,0.01341685548003021
134,80,0.0024237218692769805
135,84,0.48388874902713813
136,87,0.020210845702871114
137,89,0.43346118342786344
138,90,0.164067706250833
139,102,0.008844198945936028
140,103,0.004577592831180285
141,129,0.08474634837423055
142,130,0.009053168855914425
143,135,0.07811690138759311
144,136,0.4801552629976816
145,138,0.6576365338638207
146,140,0.3606310562194875
147,141,0.12794552960708722
148,144,0.4176535147257969
149,145,0.69630090350691
150,148,0.24030387844862056
151,157,0.38866264193910915
152,165,0.060045117755366986
153,181,0.06407149074526568
154,184,0.428496913991605
155,191,0.27983539094650206
156,200,0.30720551285658576
157,211,0.11801040900512223
158,213,0.09846267254415106
159,230,0.2693984134741165
160,232,0.0960586958632185
161,242,0.00013821631841090724
162,254,0.18490217081891525
163,255,0.21774170990040198
164,264,0.2569918534643756
165,267,0.03320482506585843
166,275,0.2925315470519611
167,286,0.008974188102536763
168,293,0.04214939538587857
169,296,0.3778982234266787
170,302,0.5317017226031399
171,303,0.006945370000148089
172,304,0.3059714385850598
173,305,0.2868465782411315
174,307,0.36480716355433135
175,317,0.26518281576258385
176,321,0.2851633009347701
177,324,0.00012176199479056114
178,328,0.43958548267935627
179,329,0.4950003537679578
180,334,0.06249845740716059
181,337,0.029097825890220044
182,339,0.08026912691713438
183,356,0.33319511701492244
184,359,0.055363862685378525
185,363,0.3155906361735141
186,371,0.02024869064719791
187,382,0.34026553987458513
188,387,0.02733721326284301
189,389,0.026960409251937087
190,394,0.17933567313815216
191,398,0.06472966369007953
192,401,0.05734002695218209
193,403,0.04403012457568413
194,406,0.7085610200364298
195,407,0.004857316332726169
196,410,0.4840927826400304
197,415,0.42863513031001593
198,416,0.044699815547032215
199,419,0.3275134390688169
200,427,0.12430747865462868
201,428,0.133164841059461
202,429,0.2887042713778686
203,432,0.020110474328787004
204,441,0.033471385108508035
205,442,0.4078516741451568
206,448,0.046572317575027604
207,455,0.34625491367239114
208,457,0.2717661906430843
209,461,0.1396692351865838
210,469,0.07613250995897937
211,471,0.15134193236285734
212,473,0.040273602493159116
213,474,0.015295939237473735
214,475,0.00692068851471757
215,477,0.058442466634745276
216,485,0.0699440388453672
217,487,0.017884204342954176
218,511,0.1479128513203772
219,513,0.04963446720077401
220,519,0.2838354370186082
221,521,0.01592943069685706
222,527,0.14447225225136284
223,529,0.5002509284352102
224,535,0.022338389746981865
225,541,0.011430818619054435
226,565,0.09542026810674907
227,567,0.0470379749334834
228,577,0.08684427463582468
229,595,0.4753111101238517
230,620,0.1067507153517194
231,635,0.18883639959653997
232,644,0.01143904578086461
233,665,0.164638671280459
234,668,0.2220840059038113
235,669,0.29820993413334257
236,670,0.02696863641374726
237,671,0.02227915418194862
238,673,0.004552911345749766
239,674,0.09094140121729086
240,683,0.5167101883526425
241,692,0.3699129401737247
242,716,0.15186682528634637
243,724,0.0806360583338681
244,726,0.04334233384835366
245,728,0.41226307830777154
246,739,0.22703511188117345
247,742,0.7552633267680582
248,745,0.2159399614639741
249,747,0.3807365942511884
250,752,0.5567402668562205
251,759,0.09990407129329339
252,769,0.5569229098484063
253,775,0.4460224140796356
254,787,0.17323934623681392
255,790,0.08239173466415903
256,804,0.03122372450196876
257,805,0.45499331131744836
258,813,0.18949621797371585
259,814,0.09196650557883843
260,828,0.1858844939390499
261,830,0.08240654355541734
262,837,0.09827673868724116
263,845,0.4333986569981061
264,847,0.06649192174981859
265,853,0.1286678744140204
266,856,0.015857031672927537
267,858,0.033407213246388685
268,861,0.06697896972898083
269,863,0.0651755758601909
270,865,0.3818801697428025
271,887,0.06631256962235682
272,889,0.013400401156409864
273,895,0.7060533811166891
274,896,0.6540972088530843
275,903,0.06455853872442792
276,905,0.1454414119126012
277,908,0.12826638891768397
278,909,0.015786278081360048
279,911,0.25078857345950506
280,914,0.1344778960843646
281,919,0.4280740378745621
282,921,0.3538370659966466
283,923,0.015838931916945156
284,924,0.17602341779337646
285,938,0.2070644993031594
286,940,0.4518620535324965
287,945,0.25270714759363744
288,952,0.23982670306363052
289,971,0.582820369794469
290,973,0.08671264004686191
291,979,0.18659202985472478
292,980,0.0336787095861244
293,982,0.1118713008623711
294,986,0.500476352668809
295,987,0.2242378768657146
296,990,0.3708327368641021
297,996,0.008975833534898798
298,998,0.25281739156189376
299,1004,0.013507354259942114
300,1013,0.5558319881923773
301,1022,0.1397926426137364
302,1026,0.5085735253223813
303,1033,0.10868245294474803
304,1036,0.10891774977251897
305,1045,0.08699400898076984
306,1056,0.08878259395830146
307,1058,0.011427527754330367
308,1064,0.03590497957195723
309,1071,0.18214936247723132
310,1078,0.019829105394879084
311,1090,0.3653797740163194
312,1093,0.04017652198379907
313,1094,0.5507640565173108
314,1110,0.12582785815714867
315,1111,0.055717630643215964
316,1113,0.30688629897835107
317,1117,0.01802077522900305
318,1118,0.06692302502867166
319,1126,0.0475562861275243
320,1130,0.4076476405322645
321,1132,0.7197038879921283
322,1138,0.015707297327982386
323,1141,0.47653531180120545
324,1150,0.058198942645164155
325,1151,0.11818647026785993
326,1159,0.11053685521676103
327,1163,0.15946214106949813
328,1166,0.11123287310590167
329,1167,0.06251162086605687
330,1169,0.14547761142456597
331,1170,0.035408058998622774
332,1173,0.2465762666126965
333,1177,0.1276690969702654
334,1180,0.24211056318213456
335,1181,0.051291417589342865
336,1184,0.00014150718313497648
337,1185,0.10465937081957341
338,1193,0.0289958090837739
339,1202,0.022241309237621822
340,1203,0.29891253375193133
341,1204,0.03387780690193059
342,1205,0.15091411994872833
343,1208,0.39768290214778285
344,1212,0.5405492124137999
345,1214,0.1532572156322656
346,1216,0.3580082370344043
347,1227,0.253302794108694
348,1252,0.1532473430380934
349,1261,0.05618822429875786
350,1269,0.16623309523927055
351,1282,0.07399344788833438
352,1287,0.2961761797338678
353,1291,0.06665152868893595
354,1292,0.08289194610221755
355,1298,0.3188815008975834
356,1311,0.10003241501753209
357,1316,0.5190022756329566
358,1325,0.13959519073029225
359,1328,0.10669641608377226
360,1339,0.15162330129676524
361,1343,0.01792863101672911
362,1348,0.1825376845146715
363,1349,0.04453362687846672
364,1352,0.5032209338486827
365,1358,0.11992569227453052
366,1360,0.06731628336319793
367,1363,0.4189599880212524
368,1365,0.07352943596224062
369,1376,0.02459921381241742
370,1378,0.042904648840052455
371,1389,0.07959449964870019
372,1399,0.6558940209924261
373,1401,0.124370005084386
374,1404,0.011345256136228636
375,1409,0.5699859973705991
376,1412,0.04428516659179949
377,1414,0.011328801812608291
378,1417,0.5151223461232791
379,1419,0.4424830890688992
380,1425,0.10228172105643339
381,1432,0.4683311860441009
382,1438,0.06953268075485855
383,1440,0.12984435855287516
384,1445,0.04028347508733132
385,1452,0.46511107491159914
386,1455,0.12024161528804116
387,1456,0.04660851708699237
388,1460,0.05309645689049483
389,1463,0.1354190833954484
390,1469,0.47021849696335455
391,1477,0.0400350148006641
392,1491,0.3509624956601721
393,1500,0.02943184865971307
394,1502,0.03614685812917631
395,1505,0.3018957026243001
396,1511,0.03172887223711338
397,1515,0.09095785554091121
398,1517,0.047001775421518635
399,1537,0.19803272106795142
400,1548,0.057621395886090006
401,4,9.543507699800739e-05
402,5,0.009163412824170743
403,6,0.01354519920426891
404,83,0.5341797437403639
405,649,0.1665769906029358
406,1355,0.17172390303138005
407,79,0.15028391935406907
408,142,0.18917206779839504
409,8,0.03125498771684742
410,520,0.25601117577660293
411,9,0.08885828384695504
412,34,0.05364932216413846
413,73,0.11163435860223812
414,86,0.04888250461132419
415,107,0.10205958768755873
416,118,0.1223016966053085
417,176,0.24985890417495554
418,198,0.01582576845804888
419,217,0.25049239563433884
420,233,0.06877742730068466
421,247,0.06219569785254622
422,282,0.0781975275733328
423,358,0.05122560029486148
424,437,0.21964218427855195
425,534,0.19077800978374082
426,583,0.08021647308154928
427,593,0.07594493066970742
428,607,0.11326662750537644
429,610,0.5552083693271662
430,617,0.01807836536167426
431,652,0.049144128356887695
432,653,0.042230021571618266
433,707,0.11395606366506895
434,727,0.0801654646783262
435,738,0.21080127619734
436,792,0.07719052296776763
437,800,0.08926141477565352
438,801,0.02460908640658963
439,822,0.1224300403295472
440,823,0.0819293681704273
441,862,0.026636259076616268
442,883,0.5084599904894009
443,899,0.12845561363931793
444,974,0.07835548908008813
445,989,0.20905876332594533
446,1211,0.037703437143661055
447,1218,0.08273398459546223
448,1232,0.23400516336675206
449,1342,0.1263905960249645
450,1395,0.08038759804720087
451,1476,0.22713383782289553
452,10,0.09385381649809212
453,116,0.5571088437053162
454,128,0.1158548926108569
455,139,0.2499428212254193
456,178,0.1416091999414226
457,300,0.20889422008974187
458,578,0.42297977928170294
459,592,0.35961088815502606
460,606,0.25066681146471453
461,744,0.11869655430009066
462,749,0.2859810808187013
463,821,0.36421645333636093
464,988,0.2814594326878302
465,1055,0.09995014339943036
466,1153,0.2701717666842728
467,1155,0.3728780092901111
468,1164,0.18857148498625242
469,1242,0.355568060841507
470,1324,0.20485468364094692
471,1357,0.07958462705452798
472,1403,0.31332816667571656
473,1418,0.2740549870586745
474,1446,0.34326516307057425
475,1523,0.23342432574295385
476,1543,0.579205354895079
477,95,0.34874445283614947
478,112,0.3352519074674657
479,137,0.3289499015208731
480,172,0.258770565847735
481,188,0.45103769191911713
482,237,0.29343324398635606
483,323,0.20670085875114974
484,343,0.2922682778740356
485,345,0.2509531166957085
486,348,0.24911187788259181
487,353,0.31283453696710617
488,490,0.10182264542742574
489,506,0.2379147106589463
490,510,0.38869719601871183
491,524,0.16248809118327978
492,585,0.48499283414206334
493,588,0.23337660820445486
494,637,0.10701069366492086
495,661,0.31561202679422057
496,694,0.32826046536118064
497,695,0.36671915595901555
498,704,0.16896615839261003
499,733,0.515023620181557
500,777,0.3451228562073113
501,854,0.23378467543023942
502,875,0.05152177812002771
503,901,0.2802467490370107
504,1024,0.17371487618944192
505,1114,0.03805555966913646
506,1320,0.22199844342098551
507,1538,0.14354587383153736
508,12,0.00026162374556350297
509,13,0.02243547025634191
510,14,0.004779981011710542
511,270,0.0003241501753208182
512,315,0.1701064430195
513,426,0.0359559879751803
514,15,0.14863684155967244
515,604,0.153418468003745
516,912,0.16540215189644306
517,1124,0.12957944394258758
518,1215,0.1733759171228628
519,16,0.013583044148595706
520,32,0.015809314134428532
521,46,0.017945085340349456
522,48,0.09789335294688709
523,58,0.06888602583657895
524,71,0.006844998626063977
525,99,0.01569413386908611
526,115,0.08209226597426873
527,134,0.019987066901634407
528,171,0.0024533396517936036
529,185,0.015781341784273945
530,196,0.0983359742522744
531,231,0.03794531570088014
532,248,0.20099120845488966
533,273,0.022423952229807666
534,326,0.081629899480537
535,336,0.0047882081735207156
536,355,0.07046893176885624
537,380,0.03320647049822047
538,462,0.03805226880441239
539,482,0.020271726700266394
540,484,0.009148603932912431
541,492,0.051156492135656026
542,537,0.0559430548768147
543,551,0.08685414722999689
544,552,0.017416901552136346
545,575,0.022481542362478877
546,611,0.12752265349004432
547,618,0.0493629708610383
548,639,0.08809809409569505
549,642,0.024579468624073005
550,650,0.02480982915475785
551,663,0.0047503632291939196
552,693,0.024775275075155125
553,712,0.00024023312485705307
554,718,0.0715795986132296
555,722,0.09773374600776973
556,723,0.046950767018295564
557,725,0.06940598246298188
558,730,0.05136546204563442
559,748,0.024819701748930056
560,750,0.10006367823241073
561,763,0.0467862237820921
562,776,0.01575172400175732
563,807,0.026739921315424447
564,812,0.04007121431262886
565,870,0.04905033871225172
566,872,0.04710214679560275
567,879,0.020247045214835876
568,886,0.08227819983117864
569,939,0.008799772272161095
570,948,0.04230242059554779
571,950,0.06476257233732022
572,955,0.07826499030017622
573,962,0.04929879899891895
574,965,0.004597338019524701
575,977,0.08193594989987545
576,992,0.039901734779339296
577,994,0.0357848630095287
578,1027,0.04215762254768874
579,1034,0.10442901028888855
580,1042,0.01574349683994715
581,1050,0.007072068292024754
582,1059,0.051059411626295986
583,1091,0.011142867955698379
584,1102,0.011323865515522186
585,1125,0.29236864924811967
586,1135,0.08874968531106076
587,1139,0.01567603411310373
588,1157,0.05812160732414853
589,1171,0.01809975598238071
590,1174,0.06950306297234193
591,1179,0.006905879623459258
592,1188,0.0225539413864084
593,1238,0.022855055508660734
594,1285,0.028941509815826754
595,1295,0.07578367829822803
596,1317,0.11369114905478138
597,1321,0.062463903327557864
598,1332,0.06475105431078597
599,1338,0.06723236631273416
600,1345,0.01567603411310373
601,1372,0.03110854423662634
602,1380,0.031899997202764985
603,1390,0.11422097827535653
604,1405,0.02423886412513184
605,1420,0.02480324742530971
606,1436,0.07779604207699636
607,1468,0.12907265077508093
608,1478,0.028755575958916844
609,1497,0.035914852166129434
610,1503,0.011366646756935087
611,1504,0.028911892033310134
612,1527,0.08667314967017309
613,18,0.022012594139299013
614,19,0.011425882321968332
615,1128,0.009143667635826329
616,20,0.03335949570788968
617,39,0.1352660581857792
618,149,0.19278379183306102
619,310,0.17823652432031303
620,319,0.12632642416284515
621,360,0.13907852496861337
622,516,0.1707481616406935
623,623,0.10667173459834173
624,949,0.1359176494011449
625,1096,0.20625988287812447
626,1344,0.13570209776171835
627,21,0.1308217453759237
628,77,0.04229748429846168
629,101,0.00461872864023115
630,173,0.37821414644018936
631,183,0.2945323928041952
632,203,0.042422537157976316
633,219,0.0800091486039329
634,223,0.06526113834301671
635,228,0.042121423035723984
636,383,0.10274737841488919
637,393,0.18699351535106123
638,411,0.14028627232234678
639,460,0.17515133864149812
640,499,0.11138589831557089
641,549,0.12039628593007241
642,614,0.028768739417813122
643,798,0.25220364529085487
644,817,0.07618187292984041
645,867,0.1734433798497062
646,968,0.09143832179062532
647,1035,0.04881339645211874
648,1104,0.035361986892485806
649,1147,0.13556881774039356
650,1156,0.2693457596385314
651,1194,0.20236514447718854
652,1195,0.15416384886374668
653,1219,0.1530663454782696
654,1241,0.1466721953194031
655,1267,0.044436546369106676
656,1280,0.035765117821184286
657,1302,0.13499291641368144
658,1443,0.05988551081624963
659,1470,0.12399155564111804
660,1488,0.04459121701113793
661,1513,0.08916762513101756
662,59,0.06865237444117003
663,61,0.20612989372152374
664,74,0.0336359283447115
665,85,0.20581067984328902
666,93,0.16275958752301548
667,98,0.01345963672144311
668,104,0.17592304641929238
669,105,0.1698020380325236
670,111,0.08002560292755326
671,114,0.08226997266936846
672,153,0.015774760054825806
673,169,0.10871536159198872
674,177,0.08516757905891141
675,201,0.345679012345679
676,226,0.017793705563042272
677,229,0.05560574124259761
678,239,0.271226488828337
679,240,0.1881667086251919
680,256,0.06888273497185488
681,279,0.2901818696389757
682,284,0.06476750863440632
683,289,0.3635467623650128
684,298,0.23419438808838605
685,309,0.018073429064588156
686,316,0.21988077197104697
687,344,0.15983071791859388
688,351,0.32131509536103253
689,391,0.2509070445895716
690,395,0.11185484653875076
691,396,0.1577311462246377
692,402,0.15651188084437007
693,412,0.06648534002037046
694,434,0.06629611529873647
695,435,0.00909101380024122
696,443,0.03555779334356792
697,444,0.024500487870695344
698,451,0.22217285925136118
699,452,0.169059948037246
700,453,0.1882094898666048
701,454,0.13343469196683466
702,463,0.18250642129979283
703,467,0.027384930801342015
704,472,0.1170675762616764
705,476,0.15953289466106563
706,478,0.11540898044074552
707,495,0.03104437237450699
708,501,0.10452279993352454
709,526,0.08409640259122689
710,528,0.1822958059574524
711,540,0.029161997752339394
712,560,0.2409719239876066
713,570,0.020163128164372112
714,572,0.1558092812257813
715,573,0.039602266089448994
716,587,0.1879906473624542
717,589,0.15555588464202796
718,605,0.10913659227666958
719,621,0.22640820215123827
720,627,0.13126272124894897
721,633,0.013122323087226015
722,634,0.16103352897524117
723,636,0.006802217384651078
724,659,0.06931383825070794
725,662,0.08928938712580811
726,666,0.18602106482509878
727,672,0.10217970424998725
728,676,0.015722106219240698
729,677,0.03775280011452209
730,688,0.27910810984248274
731,690,0.29052741043500296
732,691,0.15729181578397447
733,702,0.2769114576391666
734,731,0.2585253964257918
735,762,0.07146606378024922
736,770,0.015692488436724075
737,782,0.05797680927628948
738,786,0.19479944647655342
739,802,0.21292882024145074
740,824,0.015353529370144945
741,825,0.0774175926337284
742,827,0.09583820792670586
743,843,0.25876892041537297
744,844,0.16089037635974418
745,848,0.29074954380387763
746,852,0.13794975836825762
747,855,0.19826801789572238
748,874,0.09530673327376868
749,890,0.450937320545033
750,904,0.015495036553279922
751,935,0.07791122234233878
752,936,0.15159697437897268
753,942,0.2461879445752563
754,967,0.06904563277569631
755,969,0.09565062863743391
756,1000,0.10886015963984777
757,1001,0.0932252613357949
758,1005,0.07371701525151256
759,1010,0.12898873372461714
760,1041,0.1088519324780376
761,1060,0.2607335666556423
762,1061,0.09706899133350774
763,1085,0.048925285852737095
764,1088,0.28601069860121797
765,1108,0.033907424684447206
766,1120,0.008934697725847932
767,1129,0.04042662770282834
768,1131,0.059719322147684134
769,1133,0.006889425299838912
770,1160,0.01571552448979256
771,1172,0.223400351793439
772,1176,0.07321844924581608
773,1190,0.05994474638128288
774,1191,0.09807270507434886
775,1209,0.14007894784473043
776,1213,0.23317257459156254
777,1225,0.051508614661131435
778,1231,0.040801786281372224
779,1239,0.2059850956736647
780,1243,0.095892507194653
781,1245,0.15131560544506478
782,1253,0.05821375153642247
783,1255,0.08231275391078137
784,1278,0.21999266137166532
785,1283,0.027156215703019203
786,1290,0.033471385108508035
787,1296,0.031593946783426544
788,1300,0.040403591649759846
789,1310,0.05121901856541334
790,1319,0.15881054985413243
791,1329,0.1380583569041519
792,1341,0.10741547002598138
793,1353,0.14195309530508785
794,1362,0.2043215635556477
795,1384,0.020021620981237134
796,1402,0.06268603669643254
797,1416,0.053363016933144436
798,1421,0.2239943528761335
799,1422,0.16214913211670065
800,1426,0.32419789285931716
801,1431,0.15720131700406256
802,1450,0.10215008646747062
803,1453,0.2466815742838667
804,1466,0.13908675213042354
805,1479,0.16383405485542407
806,1485,0.013583044148595706
807,1512,0.02238939815020494
808,1514,0.11985987498004913
809,1516,0.18400047388452026
810,1520,0.22217944098080933
811,1524,0.06657090250319625
812,1536,0.019957449119117784
813,1541,0.13537794758639754
814,1542,0.040178167416161106
815,24,0.0533136539622834
816,1276,0.11294083189769359
817,26,0.00013492545368683803
818,27,0.011297538597729632
819,1115,0.036079395402332896
820,28,0.0024154947074668076
821,29,0.00017112496565159944
822,30,0.004607210613696908
823,362,0.0038996746980220257
824,31,0.05102979384377936
825,1305,0.16880161515640657
826,1521,0.1245460663471237
827,1532,0.09791638899995557
828,37,0.05821375153642247
829,65,0.16611297867684202
830,301,0.020057820493201897
831,1122,0.05345351571305634
832,1183,0.09576745433513838
833,1304,0.029211360723200432
834,1382,0.2376678958046411
835,1392,0.05128977215698083
836,1508,0.11588121952864945
837,36,0.0224255976621697
838,811,0.07876520173823474
839,1396,0.05162873122355996
840,44,0.044578053552241655
841,280,0.02881152065922602
842,349,0.07792274036887303
843,420,0.017805223589576515
844,502,0.024536687382660103
845,522,0.05776619393394906
846,531,0.026697140074011548
847,545,0.03344670362307752
848,579,0.015722106219240698
849,600,0.06890906188964743
850,629,0.00022706966596077618
851,701,0.031194106719452136
852,715,0.01603309293566524
853,772,0.06257414729581419
854,773,0.031218788204882657
855,860,0.04429833005069577
856,871,0.006751208981428005
857,876,0.07816132806136805
858,881,0.05152506898475178
859,1008,0.03549362148144857
860,1134,0.03774128208798785
861,1192,0.05322644604709557
862,1217,0.14469767648496157
863,1224,0.04489068570102823
864,1482,0.06288677944460076
865,1499,0.06890906188964743
866,162,0.10233602032438054
867,218,0.019868595771567917
868,224,0.07271001064594738
869,367,0.1440296309459755
870,438,0.0496147220124296
871,504,0.1581063048031816
872,564,0.12071549980830713
873,574,0.12505779581171647
874,615,0.0644812034034123
875,760,0.11532341795791971
876,866,0.04025714816953877
877,937,0.08684592006818671
878,1006,0.05565674964582069
879,1095,0.022295608505568967
880,1098,0.09081634835777623
881,1330,0.08654316051357235
882,1444,0.07605352920560171
883,40,0.00023858769249501845
884,806,0.02230383566737914
885,1251,0.10892762236669118
886,1371,0.01809317425293257
887,63,0.0024122038427427384
888,338,0.00917986714779109
889,963,0.011320574650798117
890,1539,0.002357904574795596
891,794,0.015837286484583123
892,45,0.00022377880123670697
893,47,8.556248282579972e-05
894,113,0.037357896347633784
895,126,0.011450563807398851
896,150,0.011210330682541798
897,159,0.00012011656242852654
898,179,0.02473907556319036
899,216,0.017851295695713483
900,227,0.009181512580153125
901,265,0.004585819992990458
902,299,0.004694418528884742
903,313,0.037991387807017114
904,340,0.0023365139540891464
905,364,0.0023908132220362885
906,376,6.910815920545362e-05
907,392,0.01581918672860074
908,400,0.044739305923721044
909,404,0.0337264271246234
910,405,0.015903103779064506
911,422,0.022340035179343902
912,481,0.008998869587967282
913,539,0.055408289359153456
914,555,0.05981969352176825
915,569,0.00018757928927194554
916,638,0.018010902634830843
917,641,0.016006766017872685
918,651,0.02275303870221459
919,664,0.018047102146795602
920,681,0.049066793035872074
921,754,0.022529259900977882
922,756,0.00016783410092753023
923,764,0.01350241796285601
924,768,0.002211461094574516
925,779,0.019807714774172636
926,810,0.004666446178730154
927,873,0.006846644058426012
928,884,0.0025339658375332992
929,900,0.011335383542056428
930,951,0.0024319490310871538
931,956,0.01599031169425234
932,978,0.009095950097327323
933,1002,0.028513697401697756
934,1007,5.923556503324596e-05
935,1054,0.0358227079538555
936,1063,0.03583587141275177
937,1066,0.013556717230803152
938,1067,0.033639219209435564
939,1068,0.006749563549065971
940,1080,2.468148543051915e-05
941,1116,0.013558362663165187
942,1154,0.031042726942144952
943,1165,0.013339520159014583
944,1230,0.06254946581038366
945,1274,0.044660325170343386
946,1279,0.004692773096522708
947,1301,0.013564944392613324
948,1313,0.004590756290076562
949,1323,0.002519156946274988
950,1346,0.008822808325229579
951,1375,0.02024869064719791
952,1387,0.009043296261742217
953,1449,0.022191946266760784
954,1454,0.031386622305810186
955,1467,0.055158183640124196
956,1501,0.013736069358264925
957,1510,0.02502044449709828
958,1518,0.05330049050338712
959,1534,0.008995578723243212
960,399,0.015924494399770957
961,1146,0.1030090021604527
962,52,0.004819471388399373
963,92,0.0002928869604421606
964,312,0.0024385307605352922
965,622,0.014053637804137604
966,70,0.12228195141696407
967,202,0.08853906996872032
968,221,0.05316721048206232
969,290,0.011264629950488941
970,464,0.1488161936871342
971,468,0.19729227650503584
972,780,0.03966314708684428
973,941,0.16268554306672392
974,1030,0.02038855239797085
975,1286,0.16128692555899451
976,1457,0.08718487913476584
977,1528,0.07337476532020937
978,54,0.0024122038427427384
979,155,0.04046118178243106
980,210,0.21120769799076256
981,245,0.02485919212561889
982,257,0.01776079691580158
983,297,0.017484364278979765
984,341,0.06870009197966903
985,357,0.002380940627864081
986,379,0.04887263201715199
987,796,0.18705768721318058
988,842,0.0781975275733328
989,916,0.12434203273423142
990,1039,0.09846596340887513
991,1047,0.01337736510334138
992,1100,0.09985470832243235
993,1207,0.04706101098655188
994,1247,0.08889941965600591
995,1250,0.049316898754901334
996,1263,0.1972379772370887
997,1411,0.0022641149301596236
998,1509,0.0002155516394265339
999,192,0.024607440974227592
1000,580,0.06153423404300831
1001,586,0.009086077503155116
1002,999,0.018223163409533307
1003,1161,0.03138826773817222
1004,1306,0.004628601234403358
1005,57,0.00023529682777094924
1006,1048,0.006871325543856531
1007,60,0.005267028990872787
1008,1037,0.005791921914361827
1009,62,0.00019251558635804936
1010,64,0.0001958064510821186
1011,430,0.08049619658309516
1012,859,0.13354164507036692
1013,1525,0.01168915149989387
1014,67,0.006761081575600213
1015,68,0.006585020312862509
1016,263,0.006965115188492505
1017,797,0.024554787138642484
1018,1284,0.004659864449282016
1019,320,0.06502913237996982
1020,719,0.03553969358758554
1021,893,0.013380655968065449
1022,625,0.00022542423359874156
1023,76,0.006802217384651078
1024,81,0.00017277039801363406
1025,737,0.00924074814518637
1026,82,0.00649945783003671
1027,206,0.007271165607830941
1028,278,0.020745611220532364
1029,548,0.00445089453930362
1030,734,0.013405337453495968
1031,840,0.017880913478230107
1032,944,0.0647148547988212
1033,1198,0.03642329076599813
1034,1270,0.011236657600334352
1035,1471,0.04735883424408015
1036,1487,0.020103892599338865
1037,1495,0.015702361030896284
1038,91,0.004419631324424963
1039,222,0.015542754091778927
1040,285,0.004597338019524701
1041,369,0.011236657600334352
1042,630,0.00681373541118532
1043,680,0.02907149897242749
1044,1019,0.0022509514712633467
1045,1038,0.01580108697261836
1046,1044,0.03351416634992094
1047,1053,0.00015796150675532257
1048,1275,0.0003257956076828528
1049,1299,0.006701846010566967
1050,1315,0.0023529682777094925
1051,1546,0.02019768224397484
1052,576,0.03831389254997589
1053,88,0.0024385307605352922
1054,225,0.00022706966596077618
1055,292,0.026828774662974317
1056,446,0.011254757356316732
1057,717,0.009043296261742217
1058,1083,0.01147524529282937
1059,1307,0.004617083207869116
1060,1424,0.00020074274816822243
1061,1237,0.0023529682777094925
1062,1413,0.004673027908178293
1063,1074,0.06056013808468382
1064,94,0.04496966645440589
1065,335,0.02479831112822361
1066,554,0.039883635023356914
1067,1065,0.006606410933568959
1068,1097,0.04298527502579215
1069,97,0.00021061534234043008
1070,100,0.00023036053068484542
1071,106,0.015595407927364033
1072,108,0.00010366223880818044
1073,109,0.00013821631841090724
1074,110,0.0023101870362965925
1075,820,0.017918758422556903
1076,1435,0.11146323363658651
1077,261,0.0024105584103807035
1078,675,0.015756660298843424
1079,839,0.006637674148447617
1080,496,0.008951152049468279
1081,1507,0.0403015748433137
1082,331,0.031322450443690836
1083,194,0.031235242528503
1084,377,0.015667806951293557
1085,480,0.013658734037249298
1086,491,0.011195521791283487
1087,645,0.031291187228812176
1088,710,0.0002583328808394338
1089,729,0.0046829005023505
1090,766,0.011509799372432097
1091,767,0.004715809149591192
1092,869,0.00902684193812187
1093,882,0.028788484606157537
1094,902,0.011534480857862616
1095,917,0.026404253113569386
1096,1029,0.006966760620854539
1097,1076,0.0002155516394265339
1098,1201,0.0023908132220362885
1099,1336,0.013260539405636922
1100,120,0.00014315261549701107
1101,121,0.00022213336887467235
1102,122,0.004605565181334873
1103,123,0.00012669829187666497
1104,124,0.006738045522531728
1105,1246,0.013219403596586058
1106,125,0.00026820547501164144
1107,127,0.004457476268751759
1108,954,0.028944800680550824
1109,131,0.009097595529689358
1110,132,0.002408912978018669
1111,133,0.004641764693299635
1112,547,0.002160452691351443
1113,877,0.00010037137408411121
1114,243,0.006733109225445624
1115,277,0.011188940061835349
1116,603,0.0024648576783278457
1117,646,0.0022772783890559
1118,831,0.02446757922345465
1119,885,0.024821347181292093
1120,906,0.0021423529353690623
1121,913,0.013369137941531207
1122,1081,0.02299327182707164
1123,1089,0.006930561108889777
1124,1152,0.013329647564842376
1125,1244,0.004546329616301628
1126,1464,0.011205394385455694
1127,1489,0.0025043480550166765
1128,648,0.0024072675456566343
1129,156,0.051395079828151044
1130,276,0.05150532379640736
1131,470,0.08384629687219762
1132,544,0.013518872286476356
1133,720,0.031093735345368027
1134,735,0.0046401192609376
1135,761,0.031009818294904262
1136,1077,0.013594562175129948
1137,445,0.008952797481830314
1138,143,0.00018428842454787633
1139,168,0.04936955259048644
1140,447,0.013403692021133933
1141,1257,0.022323580855723554
1142,1506,0.042198758356739606
1143,146,0.007916175093748508
1144,1003,0.008756991030748194
1145,147,0.022897836750073633
1146,558,0.04899110314721848
1147,1149,0.024637058756744216
1148,151,0.0002155516394265339
1149,152,0.004732263473211538
1150,657,0.0001958064510821186
1151,154,0.015778050919549876
1152,599,0.018479850858010707
1153,632,0.013446473262546834
1154,849,0.006657419336792032
1155,1259,0.04673356994650699
1156,174,0.04936955259048644
1157,350,0.004454185404027689
1158,161,0.009163412824170743
1159,204,0.0024878937313963304
1160,418,0.0024697939754139498
1161,1350,0.024933236581910444
1162,164,0.00020732447761636087
1163,166,0.010270788803820036
1164,1162,0.00962577931790247
1165,167,0.00015631607439328796
1166,170,0.0002122607747024647
1167,187,0.0024105584103807035
1168,190,0.004630246666765392
1169,209,0.016034738368027275
1170,250,0.002456630516517673
1171,260,0.020052884196115794
1172,709,0.009063041450086632
1173,714,0.002333223089365077
1174,836,0.007044095941870165
1175,931,0.024951336337892826
1176,953,0.01567274324837966
1177,1014,0.0155509812535891
1178,1086,0.02681561120407804
1179,1087,0.00906962317953477
1180,1186,0.0022509514712633467
1181,1200,0.015664516086569488
1182,1226,0.011241593897420455
1183,1258,0.013747587384799167
1184,1294,0.01581918672860074
1185,1318,0.002226269985832827
1186,1379,0.0023776497631400116
1187,1483,0.0024994117579305725
1188,1498,0.03144092157375733
1189,175,0.00017441583037566867
1190,413,0.02458111405643504
1191,235,0.018050393011519672
1192,795,0.035669682744186276
1193,932,0.011544353452034825
1194,946,0.015634898304052864
1195,984,0.042448864075768866
1196,1017,0.013528744880648563
1197,1079,0.03768698282004071
1198,1119,0.011063887202320717
1199,1442,0.01345963672144311
1200,1519,0.024405052793697337
1201,180,0.00017441583037566867
1202,182,0.0023776497631400116
1203,1254,0.00016125237147939178
1204,193,0.0047684629851763
1205,878,0.002333223089365077
1206,929,0.00020896990997839546
1207,1493,0.0001497343449451495
1208,189,0.011083632390665133
1209,322,0.010789099997860938
1210,503,0.0066524830397059285
1211,686,0.02232193542336152
1212,740,0.0025257386757231264
1213,700,0.0359609242722664
1214,195,0.006937142838337916
1215,197,0.004740490635021711
1216,571,0.01790724039602266
1217,957,0.00021061534234043008
1218,205,0.002418785572190877
1219,417,0.01584386821403126
1220,958,0.02919326096721805
1221,207,0.0023858769249501845
1222,1260,0.0001793521274617725
1223,1312,0.007040805077146097
1224,212,0.026912691713438082
1225,214,0.00021884250415060314
1226,215,0.0002599783132014684
1227,687,0.02886417449481113
1228,961,0.00010530767117021504
1229,220,0.002357904574795596
1230,655,0.011165904008766863
1231,251,0.00017112496565159944
1232,325,0.01143246405141647
1233,366,0.01574349683994715
1234,947,0.004580883695904354
1235,1178,0.002486248299034296
1236,1206,0.02685510158076687
1237,236,0.006812089978823286
1238,696,0.017690043324234093
1239,1273,0.008988996993795075
1240,378,0.013515581421752286
1241,425,0.00012834372423869958
1242,497,0.009142022203464294
1243,616,0.006807153681737181
1244,703,0.004585819992990458
1245,864,0.00012176199479056114
1246,918,0.01788584977531621
1247,1249,0.02459592294769335
1248,1356,5.594470030917674e-05
1249,1383,0.004684545934712535
1250,1397,0.015634898304052864
1251,1475,0.0420654783354148
1252,241,0.000164543236203461
1253,244,0.0046401192609376
1254,283,0.013308256944135927
1255,505,0.0023727134660539075
1256,515,0.0024895391637583648
1257,910,0.0023480319806233885
1258,975,0.009084432070793081
1259,1032,0.002497766325568538
1260,1127,0.0023101870362965925
1261,1197,0.0246123772713137
1262,1303,0.015911330940874678
1263,1361,0.0001299891566007342
1264,1530,8.391705046376511e-05
1265,253,0.0002139062070644993
1266,741,0.0024385307605352922
1267,259,0.00024187855721908766
1268,385,0.00015631607439328796
1269,1429,0.00016783410092753023
1270,262,0.0023200596304688
1271,266,0.004579238263542319
1272,269,0.0025421929993434725
1273,271,0.00020896990997839546
1274,314,0.013430018938926487
1275,272,0.011333738109694394
1276,785,0.004649991855109808
1277,274,0.011494990481173785
1278,985,0.01122184870907604
1279,281,0.00023529682777094924
1280,287,0.00019416101872008398
1281,288,0.00015302520966921872
1282,291,5.429926794714213e-05
1283,294,0.002400685816208496
1284,682,0.011302474894815737
1285,960,0.013201303840603676
1286,1288,0.00677424503449649
1287,1370,0.00015137977730718413
1288,1136,0.01354849006899298
1289,456,0.002236142580005035
1290,1492,0.009028487370483906
1291,384,0.004760235823366127
1292,518,0.0045545567781118
1293,818,0.004539747886853489
1294,1123,0.011226785006162145
1295,1408,0.0001497343449451495
1296,308,0.0023019598744864196
1297,927,0.0022098156622124814
1298,898,0.00020896990997839546
1299,327,0.002357904574795596
1300,1381,0.0001628978038414264
1301,995,0.006802217384651078
1302,318,0.0025043480550166765
1303,1366,0.0001990973158061878
1304,1028,0.028798357200329746
1305,374,0.009021905641035766
1306,459,0.008956088346554382
1307,566,0.011631561367222659
1308,815,0.006889425299838912
1309,1040,0.006900943326373155
1310,1107,0.0002155516394265339
1311,1142,0.0068795527056667045
1312,1333,0.006861452949684324
1313,1334,0.010851626427618253
1314,1427,0.004475576024734139
1315,1458,0.002290441847952177
1316,333,0.004607210613696908
1317,342,0.012276570853140226
1318,507,0.011916221165854645
1319,346,0.004724036311401366
1320,494,0.0001793521274617725
1321,354,0.004625310369679289
1322,361,0.004546329616301628
1323,368,0.013379010535703414
1324,372,0.007072068292024754
1325,373,0.00029453239280419517
1326,832,0.0002139062070644993
1327,892,0.00025504201611536455
1328,381,0.00031427758114861053
1329,1490,0.0026688912912201375
1330,654,0.0023743588984159424
1331,386,0.00010037137408411121
1332,390,7.239902392952284e-05
1333,489,0.026682331182753236
1334,408,0.0023990403838464614
1335,897,0.011386391945279501
1336,409,0.0046006288842487695
1337,414,0.00015302520966921872
1338,1314,0.006900943326373155
1339,458,0.002226269985832827
1340,1484,0.00010859853589428426
1341,1522,0.009252266171720612
1342,421,0.00023200596304688
1343,423,0.004663155314006085
1344,424,0.0001661886685654956
1345,433,0.00013986175077294186
1346,436,0.0001497343449451495
1347,439,0.004681255069988465
1348,449,0.00024352398958112228
1349,450,0.0001809975598238071
1350,643,5.594470030917674e-05
1351,602,0.004679609637626431
1352,934,0.00891988883458962
1353,993,6.088099739528057e-05
1354,466,0.0022723420919697965
1355,771,0.002417140139828842
1356,758,0.004516711833785004
1357,970,0.0002287150983228108
1358,483,5.265383558510752e-05
1359,486,0.00011518026534242271
1360,488,0.0001480889125831149
1361,808,0.00017606126273770326
1362,493,0.00015137977730718413
1363,498,0.00015960693911735717
1364,500,0.00012176199479056114
1365,1268,0.011197167223645521
1366,508,0.00020896990997839546
1367,509,0.00014315261549701107
1368,1144,0.002366131736605769
1369,512,0.00022048793651263774
1370,514,0.013217758164224023
1371,930,0.012770200561750608
1372,523,0.0001497343449451495
1373,1023,0.00013492545368683803
1374,1272,0.004594047154800631
1375,546,0.016006766017872685
1376,556,0.00020403361289229164
1377,557,0.0024023312485705306
1378,562,5.100840322307291e-05
1379,581,0.002333223089365077
1380,582,0.011330447244970324
1381,598,0.0025125752168268494
1382,628,0.0022970235774003155
1383,697,0.00022542423359874156
1384,699,0.006970051485578608
1385,713,0.004623664937317254
1386,755,0.0046763187729023615
1387,778,0.0023611954395196654
1388,829,0.004547975048663662
1389,841,0.009150249365274466
1390,850,0.006846644058426012
1391,920,0.0024533396517936036
1392,922,0.004413049594976824
1393,1025,0.00025339658375332993
1394,1031,0.002282214686142004
1395,1046,0.0023200596304688
1396,1052,0.0024122038427427384
1397,1140,0.00023529682777094924
1398,1148,0.004719100014315261
1399,1158,0.004786562741158681
1400,1189,0.004577592831180285
1401,1326,0.0001497343449451495
1402,1337,0.002252596903625381
1403,1364,0.0069552425943202965
1404,1393,0.006756145278514108
1405,1410,0.0024516942194315688
1406,1437,0.00017277039801363406
1407,1465,0.00020074274816822243
1408,1473,0.011203748953093659
1409,1474,0.004692773096522708
1410,1496,0.004692773096522708
1411,536,6.910815920545362e-05
1412,538,7.239902392952284e-05
1413,542,0.0024385307605352922
1414,1137,0.004597338019524701
1415,1210,0.006961824323768435
1416,543,0.00023365139540891463
1417,631,0.0067906993581168355
1418,559,0.00904494169410425
1419,746,0.0046137923431450465
1420,868,0.0024484033547074995
1421,1423,0.0023727134660539075
1422,1459,0.002468148543051915
1423,1540,0.00017441583037566867
1424,1386,0.0023480319806233885
1425,594,9.049877991190355e-05
1426,597,0.000164543236203461
1427,1266,0.0024286581663630845
1428,626,0.00014479804785904568
1429,678,0.00018922472163398015
1430,753,0.00010201680644614582
1431,784,0.0002714963397357107
1432,793,0.004455830836389724
1433,799,0.0024763757048620882
1434,857,0.0024648576783278457
1435,907,0.00011353483298038809
1436,976,0.00023200596304688
1437,1020,0.00018593385690991095
1438,1049,0.00011024396825631887
1439,1106,0.0001661886685654956
1440,1235,2.468148543051915e-05
1441,1289,0.00022706966596077618
1442,1308,0.004394949838994444
1443,1394,1.151802653424227e-05
1444,1472,0.00013821631841090724
1445,1374,2.797235015458837e-05
1446,1220,8.720791518783434e-05
1447,613,0.014038828912879293
1448,1545,0.013617598228198432
1449,619,0.00014479804785904568
1450,1481,0.00011024396825631887
1451,698,0.00038174030799202955
1452,765,0.0002665600426496068
1453,624,0.00012834372423869958
1454,1368,0.002343095683537285
1455,640,0.00010530767117021504
1456,647,0.00014315261549701107
1457,1377,0.00015467064203125334
1458,1428,0.00010859853589428426
1459,658,0.0001826429921858417
1460,660,0.0001793521274617725
1461,1062,0.0001809975598238071
1462,1351,0.00010859853589428426
1463,1529,0.0023480319806233885
1464,685,0.00017277039801363406
1465,689,0.014323488711511281
1466,789,0.014886226579327116
1467,705,0.01519063156630352
1468,781,0.015259739725508974
1469,706,0.00020238818053025704
1470,708,0.00023036053068484542
1471,1293,0.0024484033547074995
1472,721,0.006831835167167701
1473,1112,0.00018922472163398015
1474,835,0.00018428842454787633
1475,732,0.00018593385690991095
1476,928,0.00018428842454787633
1477,743,0.016153209498093766
1478,1229,0.015557562983037237
1479,1015,0.004722390879039331
1480,1439,0.00021061534234043008
1481,774,0.00015796150675532257
1482,880,0.013768978005505616
1483,783,0.017026934082334143
1484,1347,0.016590894506394973
1485,788,0.0022427243094531733
1486,803,0.0025520655935156802
1487,1256,8.885334754986894e-05
1488,809,0.0001809975598238071
1489,816,0.017709788512578508
1490,1322,0.01799609374357253
1491,1145,0.0022723420919697965
1492,833,0.000164543236203461
1493,1070,0.0025158660815509186
1494,1105,0.0002155516394265339
1495,1175,0.00016125237147939178
1496,1398,0.0022460151741772426
1497,1407,0.0001316345889627688
1498,1388,0.00015467064203125334
1499,834,0.00012505285951463035
1500,838,0.01768181616242392
1501,1461,0.01798128485231422
1502,846,0.00028795066335605675
1503,1406,0.002168679853161616
1504,1223,0.0002139062070644993
1505,1400,0.00018922472163398015
1506,888,0.00019251558635804936
1507,1073,0.00016783410092753023
1508,1121,0.00010037137408411121
1509,1021,0.0001958064510821186
1510,1016,0.0
1511,915,0.00022048793651263774
1512,1265,0.00011682569770445731
1513,925,0.017219449668692193
1514,1228,0.017357665987103102
1515,943,0.0001990973158061878
1516,1262,8.22716181017305e-05
1517,964,0.00021884250415060314
1518,966,0.00012340742715259576
1519,1012,0.00017441583037566867
1520,1196,0.00011518026534242271
1521,1309,0.000164543236203461
1522,1043,0.00022377880123670697
1523,1009,4.278124141289986e-05
1524,1486,0.00020403361289229164
1525,1011,0.0001316345889627688
1526,1051,6.417186211934979e-05
1527,1069,0.00014479804785904568
1528,1084,0.002303605306848454
1529,1547,7.568988865359206e-05
1530,1092,0.007396218467345572
1531,1354,0.017002252596903626
1532,1099,9.378964463597277e-05
1533,1415,0.0001793521274617725
1534,1143,0.00019087015399601477
1535,1297,0.002282214686142004
1536,1199,0.00021719707178856853
1537,1271,0.00018428842454787633
1538,1340,0.0002451694219431569
1539,1526,0.00018428842454787633
1540,1240,0.00018593385690991095
1541,1264,0.00013492545368683803
1542,1367,0.00011518026534242271
1543,1373,0.0001480889125831149
1544,1391,0.00013821631841090724
1545,1451,0.0001497343449451495
1546,1462,0.00018922472163398015
1547,1531,0.00014479804785904568
1548,1544,0.00025668744847739917
